Name,Description,Owner,Last Commit
at,ac nibh fusce lacus purus aliquet at feugiat,rsercombe0@blogtalkradio.com,2019-08-28 19:06:57,BlanditMiIn.avi
cubilia,velit vivamus vel nulla eget eros elementum pellentesque quisque porta,ecobley1@craigslist.org,2020-04-09 09:59:16,TinciduntAnte.avi
venenatis,laoreet ut rhoncus aliquet,kphilippault2@merriam-webster.com,2019-09-06 22:08:35,Placerat.jpeg
at,augue vel accumsan tellus nisi eu,sdaldry3@so-net.ne.jp,2020-01-25 02:00:04,Porta.tiff
sapien,sit amet justo morbi,betienne4@dyndns.org,2020-05-09 21:46:26,Commodo.xls
erat,tempus vivamus in felis eu sapien cursus vestibulum,mmccurry5@loc.gov,2019-11-11 10:10:46,AliquamNon.mov
in,ipsum primis in faucibus orci luctus et ultrices posuere cubilia,rrea6@bravesites.com,2019-10-04 16:39:16,Quam.pdf
mi,urna pretium nisl,npinniger7@sphinn.com,2019-10-14 20:32:40,Proin.ppt
urna,libero rutrum ac lobortis vel dapibus,krobe8@narod.ru,2020-02-02 14:58:11,AcNequeDuis.xls
ipsum,in faucibus orci luctus,jandreini9@illinois.edu,2020-04-02 08:23:33,TurpisAPede.xls
cubilia,vel augue vestibulum rutrum rutrum neque aenean auctor gravida,wmosdilla@last.fm,2019-09-20 23:32:24,Felis.png
nisi,nascetur ridiculus mus vivamus vestibulum,gwickeyb@irs.gov,2020-05-30 17:06:20,FaucibusAccumsanOdio.jpeg
massa,eget massa tempor convallis nulla neque libero convallis eget,rgronwc@businessinsider.com,2019-09-04 08:26:34,NibhLigulaNec.avi
quisque,amet sem fusce consequat nulla nisl nunc,hmccayd@abc.net.au,2020-06-02 08:04:22,Dictumst.gif
quis,consequat varius integer ac leo pellentesque ultrices mattis,ytimebye@plala.or.jp,2019-09-05 22:36:56,IntegerA.ppt
nulla,posuere felis sed lacus morbi sem mauris laoreet ut rhoncus,msiemonsf@nih.gov,2020-02-02 17:43:06,Vivamus.xls
mi,porttitor id consequat in consequat ut nulla sed,gpauntong@unblog.fr,2019-09-25 22:25:37,Arcu.avi
tortor,vulputate nonummy maecenas tincidunt lacus at velit vivamus,mlessmareh@who.int,2019-10-31 16:34:21,LuctusUltricies.ppt
eros,nisl duis bibendum felis sed interdum venenatis turpis enim blandit mi,abolderoi@fc2.com,2020-04-04 17:16:00,LuctusEt.tiff
in,quis turpis eget elit sodales scelerisque,whagstonej@google.pl,2020-05-20 09:57:11,Ultrices.jpeg
augue,sapien sapien non mi integer ac neque duis bibendum morbi non,cgiacopazzik@archive.org,2019-08-14 16:27:46,Eleifend.xls
nisi,semper est quam pharetra magna ac consequat metus sapien,afranciottoil@si.edu,2019-12-05 09:30:34,IdLigula.pdf
potenti,non mattis pulvinar,baldrenm@google.co.uk,2019-11-18 12:20:37,PharetraMagnaAc.mp3
vitae,tincidunt lacus at velit vivamus vel,atrussn@desdev.cn,2020-06-09 11:45:51,Consectetuer.ppt
